{"id": "", "numVertices": 12167, "min": [-459.093, -96.0, -611.112], "max": [212.907, 349.333, -10.1123], "centroid": [-159.17550862829583, 105.28110574504859, -305.43856697631804]}
