{"id": "", "numVertices": 13111, "min": [-128.848, -52.8406, -0.0], "max": [216.752, 413.856, 333.6], "centroid": [27.750230504845113, 114.00974489619394, 158.83297432156576]}
